company_name,website_url,source
10X Property Management,https://dreamlivinghomes.com,email-auto
1836 property management,https://1836propertymanagement.com,email-auto
1st Choice Property Management,https://www.fortworthpropertymanagement.com,email-auto
21st Century Property Management,https://21stcenturypm.com,email-auto
247 Property Management,https://247propertymanagement.com,verified-search
2B Living,https://www.twobliving.com,email-domain
360 Management,https://360managementservices.com/,verified-search
3G Properties Group,https://www.3gpropertiesgroup.com,email-auto
A2Z Properties,https://www.a2zrepm.com,email-domain
ABC Property Management,https://www.abc-manager.com,email-auto
"Action Properties, Inc.",https://www.actionproperties.com,email-domain
All East Bay Properties,https://alleastbayproperties.com,email-auto
Allstar Management,https://www.rentfromallstar.com,email-auto
AllView Real Estate,https://allviewrealestate.com,email-domain
America's Rental Managers,https://www.armrents.com,email-auto
American West Realty and Management,https://www.americanwestrealty.com,email-auto
AMP Capital City Group,https://www.ampcapitalcitygroup.realestate,verified-search
Annapolis Property Services,https://www.annapolispropertyservices.com,email-domain
Arbella Properties INC,https://arbellatn.com,email-auto
Ascend Real Estate & Property Management,https://www.ascendbakersfield.com,email-domain
"Athens Property Management, LLC",https://www.athensrealtyplus.com,email-domain
Atlas Real Estate,https://realatlas.com,email-domain
Auben Realty,https://www.aubenrealty.com,email-domain
Authority Property Management,https://www.authoritypm.com,email-domain
Avalon Property Management,https://www.mydreamhome.com,email-auto
AXIS Property Management,https://www.axisre.net,email-auto
Axon Property Management,https://www.axonproperties.ca,verified-search
Bailey-Foristell Inc.,https://www.baileyforistell.com,email-domain
Baron Management Group,https://www.barring.com,email-auto
Beach Rental Group,https://www.beachrentalgroup.com,email-domain
BHJ Property Management,https://www.century21bhj.com/property-management,verified-search
Big Skye Properties,https://www.bigskye.properties,verified-search
Black Pine Property Management,https://blackpinepm.com,verified-search
Block and Associates Realty,https://www.blockrealty.com,email-domain
Blue Anchor Property Management,https://www.blueanchorpm.rent,email-domain
"Blue Door Living, LLC",https://www.bluedoorliving.org,email-domain
Blueprint Property Management,https://blueprintmgmt.net,email-domain
BlueSky Property Management,https://www.blueskypm.com,email-domain
Braden Property Management,https://www.bradenproperty.com,email-auto
Brandywine Homes USA LLC,https://www.brandywinehomesusa.com,email-auto
Brown Property Group,https://www.brownrealestatenc.com,email-domain
Brun Property Management LLC,https://brunpm.com,email-domain
Bullseye Property Management,https://www.bullseyeaz.com,email-domain
C & H Property Rentals,https://www.candhpropertyrentals.com,email-domain
"Cal-Prop Management, Inc",https://www.cal-prop.com,verified-search
Capitol Square Management,https://capitolsquaremanagement.com,email-domain
Capstone Realty Professionals,https://capstonerealtypros.com,email-domain
"CapVest, LLC",https://www.capvestpartner.com,email-domain
Centurion Real Estate Management,https://www.c-rem.com,email-domain
Choice Properties LLC,https://www.irentforyoucharlotte.com,verified-search
Cobalt Property Services,https://cobaltatl.com,email-domain
Colorado Realty and Property Management,https://www.coloradorpm.com,email-domain
Commercial Northwest,https://commercialnw.com,email-domain
Concept 360 Property Management,https://concept360propertymanagement.com,email-domain
Copper Key Realty and Management,https://www.clarksvilleproperty.management,verified-search
Core Property Management Realty,https://www.corepmrealty.com,email-domain
Coyote Property Management,https://www.coyotepmc.com,email-domain
CPManagement LLC,https://www.cpmanagement.com,email-auto
CRM Properties,https://www.crmproperties.net,email-domain
Darwin Homes,https://www.darwinhomes.com/,user-provided
Defined Property Management,https://www.definedmgmt.com,email-auto
DeSantis Property Management,https://www.desantispm.com,email-domain
DKRentals.net,https://www.dkrentals.net,email-domain
DMG Real Estate Services,https://www.dmgrealestate.com,email-auto
Double H Property Management LLC,https://doublehproperties.com,email-auto
EJF Rental Services,https://www.ejfrealestate.com,email-domain
Elevate Property Management,https://elevate-prop.com,verified-search
EquityTeam,https://www.equityteam.com,email-auto
Evernest,https://www.evernest.co,email-auto
Factor Property Management,https://www.factor.realestate,email-domain
First Rate Property Management,https://www.boiseproperty.management,email-domain
Fortified Dreams Property Solutions,https://www.4thdps.com,email-auto
Four points property management,https://www.fourpointspm.net,email-domain
"Four Seasons Property Management, Inc.",https://www.fourseasonscharlotte.com,email-domain
Fox Group Properties,https://www.foxgroupproperties.com,email-domain
Freedom Path Property Management,https://www.freedompathpropertymanagement.com,email-auto
Fuze Real Estate,https://www.fuzere.com,email-auto
Galaxy Strategy Inc.,https://galaxypminc.com,email-domain
GC Realty & Development,https://www.gcrealtyinc.com,email-auto
Gold Key Solutions LLC,https://www.goldkeysolutions.com,email-auto
Good Life Property Management,https://www.goodlifemgmt.com,email-domain
Grace Property Management & Real Estate,https://www.rentgrace.com,email-auto
Grandmark Property Management,https://grandmark.management,email-domain
Granite management,https://livegranite.com,email-domain
Green Residential,https://www.greenresidential.com,email-domain
Grove,https://www.gogrove.com,email-domain
"Hampton. & Hampton Management & Leasing, Inc",https://www.hamptonandhampton.com,email-domain
Happy Homes Property Manager,https://happyhomespm.com,email-domain
Harrisburg Property Management Group,https://www.564rent.com,email-auto
"HEARTHSIDE RENTALS, LLC",https://www.hearthsidemanagement.com,email-auto
Henderson Properites,https://www.hendersonproperties.com,email-domain
His House Property Management,https://www.hishousepm.com,email-domain
"Hive Real Estate Group & Property Management, Las Vegas",https://www.hiverealestatelasvegas.com,verified-search
Holland Properties Inc.,https://www.hollandprop.com,email-auto
Home Forward,https://www.home-forward.com,email-domain
Home Ladder,https://homeladder.com,email-domain
Home365,https://www.home365.co,email-domain
HomeServices Property Management,https://www.homeservicespm.com,verified-search
II & III Property Management,https://www.iiandiii.com,email-domain
Integrity Property Management,https://www.integritypmlv.com,verified-search
Invest Idaho Management,https://www.investidahomgmt.com,email-domain
Ironclad Property Management,https://ironcladpm.com,email-domain
J R Grace Realty,https://jrgrace.com,email-domain
JMAX Property Management,https://jmaxpropertymanagement.com,email-domain
JWB,https://www.jwbrealestatecapital.com,email-domain
Kader Property Management,https://www.kaderproperties.com,email-domain
Keasy,https://www.keasy.ai,email-auto
KEILTY Realty Management,https://www.keilty.com,email-domain
Key Property Solutions,https://keypropertysolutions.com,verified-search
Keyrenter Austin,https://keyrenteraustin.com,email-domain
Keyrenter BuxMont,https://www.keyrenterbuxmont.com,email-domain
Keyrenter Property Management Denver,https://keyrenterdenver.com,email-domain
Keyrenter West Seattle,https://www.keyrenterwestseattle.com,email-domain
Kleinman Property Management,https://www.kleinmanpropertymanagement.com,email-domain
Kula Property Management,https://www.kulapm.com,email-domain
Lake Michigan Property Management,https://lmpmc.com,email-domain
Landmark Real Estate Management LLC,https://www.visitlandmark.com,email-domain
Living Room Property Management,https://www.livingroomre.com,email-domain
LREI Property Management LLC,https://www.louisvillepropertymanagement.com,email-domain
Lukeman Property Management,https://www.lukemangroup.com,email-domain
MacLay Real Estate,https://www.maclayrealestate.com,email-domain
Mainlander Property Management,https://www.mainlander.com,email-domain
Marblestone Property Group,https://marblestonepropertygroup.com,verified-search
Marchant Property Management,https://www.marchantpm.com,email-domain
Market South Management,https://www.msmsavannah.com,email-auto
Mascot Property Management,https://mascotproperties.com,email-domain
MasterKey Property Management,https://www.masterkeypm.com,email-domain
MHT Property Management,https://mhtpropertymanagement.co,verified-search
Michael Mefferd,https://www.bridgestreampropertymanagement.com,email-auto
Missoula property Management,https://missoulapropertymanagement.com,verified-search
MOD Properties,https://www.modprop.info,email-domain
Mountain View Property Management,https://www.today4rent.com,email-domain
MoveZen Property Management,https://movezen360.com,email-domain
"MoveZen, Inc",https://movezen360.com,email-domain
Mutual Management Company,https://mutualmgmtcompany.com,email-domain
NC Rentals 247,https://www.ncrentals247.com,email-domain
Neighborhood PM,https://www.neighborhoodpm.com/,verified-search
Nest Finders Property Management,https://www.nestfinders.com,email-domain
Nestwell Property Management,https://nestwell.com,email-domain
Next Generation Property Management,https://www.nextgenpm.net,email-domain
"Ocean Blue Property Management, Inc",https://www.oceanbluepm.com,email-domain
On Q Property Management,https://www.onqpm.com,email-domain
One Source Atlanta Property Management,https://www.onesourceatlanta.com,verified-search
Opal Blue Real Estate,https://www.opalbluere.com,email-auto
Open Door Rentals and Real Estate,https://www.opendoorrandr.com,email-domain
Otter Property Management,https://ottermanagement.com,email-domain
Oz Realty,https://ozrealty.house,email-auto
Pacific Shpre Property Management,https://www.pspmla.com,email-domain
Patriot Property Management,https://www.patpm.com,email-auto
"Performance Properties, Inc.",https://www.ppirentals.com,email-domain
Performance Property Management,https://ppmdenver.com,email-domain
Pioneer Management Inc,https://www.pioneerpm.com,email-domain
PMG Property Management,https://propertymanagementofgreenville.com,email-domain
PMI,https://www.indianapolispropertymanagementinc.net,email-domain
"PMI Birdy Properties, CRMC®",https://www.birdy.com,email-domain
PMI MIdwest,https://www.indianapolispropertymanagement.com,email-domain
PMI NWI,https://www.nwipropertymanagementinc.com,email-auto
Pointe South,https://pointesouth.com,email-auto
Power Properties,https://www.powerproperties.net,email-domain
Premier Property Management,https://www.premierpropertygj.com,email-auto
Pro X Property Management,https://proxproperty.com,email-domain
"Progressive Properties of Greenville, LLC",https://www.propgreenville.com,email-domain
"Progressive Property Management, Inc.",https://www.progressive-pm.com,verified-search
Pros PM,https://www.prospm.com,email-auto
Real Property Management Battle Born,https://www.rpmbattleborn.com,email-domain
Real Property Management Blue Chip Valor,https://www.rpmbcvalor.com,email-domain
Real Property Management Capital,https://www.propertymanagementcapital.com,verified-search
Real Property Management Houston,https://houstonrpm.com,email-domain
Real Property Management of the Triad,https://www.rpmtriad.com,email-domain
Real Property Management Preferred,https://www.htownrpm.com,email-domain
Real Property Management Southland,https://www.rpmsouthland.com,email-auto
Real Property Management Today,https://rpmtoday.com,email-domain
Realiant,https://www.realiantpm.com,email-domain
Realty Consultants Property Management,https://www.rentrrc.com,email-domain
RealWise Property Management,https://realwise.com,email-domain
Recovery Realty,https://www.recovery-realty.com,verified-search
Red Fortress Property Management Company,https://www.redfortresspropertymanagement.com,email-domain
Rent Solutions,https://www.rentsolutions.com,email-auto
Rental Management Guys,https://investmentpropertyanswers.com,email-auto
Rental Revolution,https://www.rentalrevolution.net,email-domain
Renters Place,https://www.rentersplace.com,email-auto
RentSource Corporation,https://www.rentsourcecorp.com,email-domain
RENU Property Management,https://renumgt.com,email-auto
"Revitalize Realty, LLC",https://www.revitalizerealty.com,email-domain
RL Property Management,https://rlpmg.com,email-domain
RMA (Real Estate Management Associates),https://rmainvesting.com,email-domain
Robert C. White and Company,https://www.robertcwhite.com,email-domain
ROOST Real Estate Co.,https://www.roostrealestateco.com,email-domain
Rosenbaum Realty Group,https://www.rosenbaumrealtygroup.com,email-domain
Sail Properties Inc,https://www.sailproperties.com,email-domain
"Sapir Realty, LLC",https://www.sapirrealty.com,email-domain
Shannon Property Management,https://shannonpropertymanagement.com,verified-search
Simple Property Management,https://www.thesimplebrands.com,email-auto
SJA Property Management,https://propertymanagersseattle.com,email-domain
Southwest Equity Partners,https://insightinvestmentpartners.com,email-domain
Springfield Real Estate LLC,https://www.springfieldproperty.management,email-domain
Stevens Realty LLC,https://stevensrentals.com,verified-search
Stewardship Management & Realty,https://www.stewardshiprealtyllc.com,email-auto
Stratton Vantage Property Management,https://www.strattonvantage.com,email-domain
Sureway Property Management LLC,https://www.surewaypropertymanagement.com,email-domain
swiss property management group,https://swisspmg.com,email-auto
T&H Realty Services Inc,https://www.threaltyinc.com,email-domain
The Storage Mall Management Group,https://www.thestoragemall.com,email-domain
"Tiner Properties, Inc.",https://www.tiner.com,email-domain
Titan Property Management LLC,https://www.rentwithtitan.com,email-domain
Touchstone Property Management,https://touchstonepdx.com,email-domain
Trident Management,https://tridentmiami.com,email-domain
True Care Properties,https://www.truecareproperties.com,email-domain
TruHaven Homes,https://www.truhavenhomes.com,email-auto
TurboTenant,https://www.turbotenant.com,email-domain
United Properties of West Michigan,https://www.rentupm.com,email-domain
Uplift Property Management,https://upliftpm.com,email-domain
Upper Management Realty,https://www.upperllc.com,email-domain
VantagePoint Property Management,https://vantagepointpropertymanagement.com,email-domain
VerraTerra Property Management,https://www.verraterra.com,email-domain
Warrensburg Home Rentals - dba Spirit Rentals Property Management,https://www.rentwithspirit.com,email-domain
Wave Property Management,https://www.wave-property.com,email-auto
Welch Randall Property Management,https://www.welchrandall.com,email-domain
Welcome Home Milwaukee,https://whmilwaukee.com,email-domain
West USA Property Management,https://westusa.com/property-management.html,verified-search
Windermere Signature Properties,https://www.windermereca.com,email-domain
Windermere Signature Property Management,https://www.windermereca.com,email-domain
Wits Property Management,https://witspropertymanagement.com,email-domain
WJL HomeServices LLC,https://wjlhomeservices.com,verified-search
WrightDavis,https://wrightdavis.com,verified-search
"Zenith Properties NW, LLC",https://www.zenithpro.com,email-domain
